title,company,location,link
[SPC GFS] 2022 각 부문 신입/경력사원,에스피씨지에프에스,성남 중원구,https://kr.indeed.com/%EC%B1%84%EC%9A%A9%EB%B3%B4%EA%B8%B0?jk=a8dd956d30f8e45f
각 부문별,현대오토에버,서울 강남구,https://kr.indeed.com/%EC%B1%84%EC%9A%A9%EB%B3%B4%EA%B8%B0?jk=c35e0100a6fa97dd
AI Frameworks Engineer Intern,Intel,서울,https://kr.indeed.com/%EC%B1%84%EC%9A%A9%EB%B3%B4%EA%B8%B0?jk=d3a80f6251c8d2ce
2022년 경력직 (제2022-2차),한국건설생활환경시험연구원,서울 금천구,https://kr.indeed.com/%EC%B1%84%EC%9A%A9%EB%B3%B4%EA%B8%B0?jk=3a96682f2758e494
데이터 분석 및 검색/추천 서비스 기획 경력사원,LG유플러스,서울특별시,https://kr.indeed.com/%EC%B1%84%EC%9A%A9%EB%B3%B4%EA%B8%B0?jk=2e1cdadc743d5a7d
2022년 1월 경력사원 (MI/경영전략/서비스신사업/투자/DX),LG에너지솔루션,서울 영등포구,https://kr.indeed.com/%EC%B1%84%EC%9A%A9%EB%B3%B4%EA%B8%B0?jk=5399a1e7606f553c
경력사원 공개,현대로보틱스,대한민국,https://kr.indeed.com/%EC%B1%84%EC%9A%A9%EB%B3%B4%EA%B8%B0?jk=da9b34d987d05d7e
"빅데이터, 인공지능(AI) 외 신입 인턴",레드테이블,서울 종로구,https://kr.indeed.com/%EC%B1%84%EC%9A%A9%EB%B3%B4%EA%B8%B0?jk=45b22fa764b0dae9
Looking for Developer with Python language for NFT Generator,Ino Partners,서울•원격 근무,https://kr.indeed.com/%EC%B1%84%EC%9A%A9%EB%B3%B4%EA%B8%B0?jk=2c9ffcc9fd90342d
당근마켓 전 직군,당근마켓,서울 서초구,https://kr.indeed.com/%EC%B1%84%EC%9A%A9%EB%B3%B4%EA%B8%B0?jk=9bbfde6355ca2d7a
사물인터넷(IoT) 개발자,큐빅스,경기도 파주,https://kr.indeed.com/%EC%B1%84%EC%9A%A9%EB%B3%B4%EA%B8%B0?jk=f8af01e159a4ec71
2022년 1월 경력사원 (설비기술),LG에너지솔루션,청주 오창읍,https://kr.indeed.com/%EC%B1%84%EC%9A%A9%EB%B3%B4%EA%B8%B0?jk=6fa6b82e8b261430
Python Programmer,Mofac,서울 서초구,https://kr.indeed.com/%EC%B1%84%EC%9A%A9%EB%B3%B4%EA%B8%B0?jk=df21e3bb5d773616
자산운용팀 전략/리스크팀 퀀트(겨울방학 인턴),마이퍼스트에셋자산운용,대한민국,https://kr.indeed.com/%EC%B1%84%EC%9A%A9%EB%B3%B4%EA%B8%B0?jk=872035f47cfd4850
"2022년 상반기 딥러닝, 사업기획 신입/경력 정규직, 인턴",시티아이랩,성남 수정구,https://kr.indeed.com/%EC%B1%84%EC%9A%A9%EB%B3%B4%EA%B8%B0?jk=7143ba7b6c69f7a4
[KSTEC] 통계/Analytics 신입 및 경력사원,지식시스템,성남 분당구,https://kr.indeed.com/%EC%B1%84%EC%9A%A9%EB%B3%B4%EA%B8%B0?jk=e5dfdd5145462c7c
"[대기업] 딥러닝 (AI, 영상인식) 전문가 (석박사급)",비에이블컨설팅그룹,서울,https://kr.indeed.com/%EC%B1%84%EC%9A%A9%EB%B3%B4%EA%B8%B0?jk=d7e5f9d0302e78e2
한화시스템/방산 2021년 한화시스템 방산부문 신사업분야 경력사원,한화시스템,성남 분당구,https://kr.indeed.com/%EC%B1%84%EC%9A%A9%EB%B3%B4%EA%B8%B0?jk=1fd963b87d62d30a
인재 Pool 등록,S&I Corp.,대한민국,https://kr.indeed.com/%EC%B1%84%EC%9A%A9%EB%B3%B4%EA%B8%B0?jk=e29bd57c416ee579
AI Research Engineer Intern,Intel,서울,https://kr.indeed.com/%EC%B1%84%EC%9A%A9%EB%B3%B4%EA%B8%B0?jk=f4ec03cd95647453
Software Developer 3,Oracle,대한민국,https://kr.indeed.com/%EC%B1%84%EC%9A%A9%EB%B3%B4%EA%B8%B0?jk=112566541738ad42
2022년 1월 경력사원 (제조지능화),LG에너지솔루션,청주 오창읍,https://kr.indeed.com/%EC%B1%84%EC%9A%A9%EB%B3%B4%EA%B8%B0?jk=42d49f48c843544d
"S/W 엔지니어, 데이터분석 신입/경력 정규직, 인턴",가치랩스,성남 분당구,https://kr.indeed.com/%EC%B1%84%EC%9A%A9%EB%B3%B4%EA%B8%B0?jk=5ea9ea023c6ccc03
2022년 1월 경력사원 (품질),LG에너지솔루션,청주 오창읍,https://kr.indeed.com/%EC%B1%84%EC%9A%A9%EB%B3%B4%EA%B8%B0?jk=bab0eaf4530c8380
Chip & Circut 분야 연계형 인턴,LG전자,서울 서초구,https://kr.indeed.com/%EC%B1%84%EC%9A%A9%EB%B3%B4%EA%B8%B0?jk=12f3c94eaa1f8b78
"딥러닝, 사업기획 신입/경력 정규직, 인턴",시티아이랩,성남 수정구,https://kr.indeed.com/%EC%B1%84%EC%9A%A9%EB%B3%B4%EA%B8%B0?jk=f2abe214044a2314
"인공지능(AI), Python(응용프로그램 개발자) 외 신입/경력 정규직",쿠노소프트,서울 성북구,https://kr.indeed.com/%EC%B1%84%EC%9A%A9%EB%B3%B4%EA%B8%B0?jk=8cc372a6b78679b1
Associate Solutions Architect,Amazon Web Services Korea LLC,서울,https://kr.indeed.com/%EC%B1%84%EC%9A%A9%EB%B3%B4%EA%B8%B0?jk=e573e021debd6887
"Java, Python 영상툴 개발자",에이아이메이커,서울 마곡동,https://kr.indeed.com/%EC%B1%84%EC%9A%A9%EB%B3%B4%EA%B8%B0?jk=cae2de07045cfb2b
Network Engineer (Linux/Python),KLA,경기도 화성,https://kr.indeed.com/%EC%B1%84%EC%9A%A9%EB%B3%B4%EA%B8%B0?jk=1bb3ad92965d09e9
기술 인턴 인공지능 응용 연구/개발 인턴,써로마인드로보틱스,서울 관악구,https://kr.indeed.com/%EC%B1%84%EC%9A%A9%EB%B3%B4%EA%B8%B0?jk=71c47ac87bb4087e
"데이터 표준화, 통합 및 분석",베니트글로벌,서울 서초구,https://kr.indeed.com/%EC%B1%84%EC%9A%A9%EB%B3%B4%EA%B8%B0?jk=8f3ba3a550a308ee
빅데이터 분석 기술인력 (정규직),한국정보기술단,서울 강남구,https://kr.indeed.com/%EC%B1%84%EC%9A%A9%EB%B3%B4%EA%B8%B0?jk=c793a3ef3425f495
Software Developer & Verification,Ericsson,서울,https://kr.indeed.com/%EC%B1%84%EC%9A%A9%EB%B3%B4%EA%B8%B0?jk=7417ac528f0197f0
2022년 HuStar 경북 혁신아카데미 4기 교육생,경북테크노파크,경상북도,https://kr.indeed.com/%EC%B1%84%EC%9A%A9%EB%B3%B4%EA%B8%B0?jk=21d728ad0cbb21d3
eBeam System Engineer for R&D Extension Korea,Applied Materials Inc.,경기도 화성,https://kr.indeed.com/%EC%B1%84%EC%9A%A9%EB%B3%B4%EA%B8%B0?jk=3e1b8e1243910f18
가우스랩스 Computer Vision & Image Processing Applied Scientist,가우스랩스,서울특별시,https://kr.indeed.com/%EC%B1%84%EC%9A%A9%EB%B3%B4%EA%B8%B0?jk=3e96bc531d76390a
2022년 상반기 신입/경력 공개,윈스,성남 분당구,https://kr.indeed.com/%EC%B1%84%EC%9A%A9%EB%B3%B4%EA%B8%B0?jk=4490eb4cee00caaa
[한국조선해양] '22년 빅데이터 AI 담당자,현대중공업그룹,성남 분당구,https://kr.indeed.com/%EC%B1%84%EC%9A%A9%EB%B3%B4%EA%B8%B0?jk=d34c6bcf82ac024e
일본 원작IP 기반 하이엔드 RPG TA 담당자(무관),네오위즈,대한민국,https://kr.indeed.com/%EC%B1%84%EC%9A%A9%EB%B3%B4%EA%B8%B0?jk=94d06d4e6c7cc4d7
AI 서비스/시스템 개발,NHN,성남 판교역,https://kr.indeed.com/%EC%B1%84%EC%9A%A9%EB%B3%B4%EA%B8%B0?jk=b25a378d97c7a56c
"Staff Software Engineer, Maps & Navigation, Seoul, Korea",Tesla,서울,https://kr.indeed.com/%EC%B1%84%EC%9A%A9%EB%B3%B4%EA%B8%B0?jk=44f16e94e3e6b589
Software Engineer I,ASM,경기도 화성,https://kr.indeed.com/%EC%B1%84%EC%9A%A9%EB%B3%B4%EA%B8%B0?jk=5d5e2aa027f6e9e3
[카카오커머스] 기술직군,카카오커머스,성남 분당구,https://kr.indeed.com/%EC%B1%84%EC%9A%A9%EB%B3%B4%EA%B8%B0?jk=2b9e604e63e7e46d
Software Architect - HSV,Cadence Design Systems,경기도,https://kr.indeed.com/%EC%B1%84%EC%9A%A9%EB%B3%B4%EA%B8%B0?jk=03231b8a316c3238
2022-1회 인지 및 사회성 연구단 연구직 및 연구기술직,기초과학연구원,대전,https://kr.indeed.com/%EC%B1%84%EC%9A%A9%EB%B3%B4%EA%B8%B0?jk=c7706f6a726a90bc
SK 브로드밴드 CloudPC 개발 분야 경력사원,SK 브로드밴드,서울특별시,https://kr.indeed.com/%EC%B1%84%EC%9A%A9%EB%B3%B4%EA%B8%B0?jk=ae096db459d0e54a
"PHP, Python 신입/경력 정규직",비즈부스터,서울 금천구,https://kr.indeed.com/%EC%B1%84%EC%9A%A9%EB%B3%B4%EA%B8%B0?jk=14d562d10c215572
Web / Spring Framework 개발자,에릭슨엘지,서울 금천구,https://kr.indeed.com/%EC%B1%84%EC%9A%A9%EB%B3%B4%EA%B8%B0?jk=3c1c5dc51d08cf18
Python Junior Backend Developer,Dable,서울,https://kr.indeed.com/%EC%B1%84%EC%9A%A9%EB%B3%B4%EA%B8%B0?jk=39b4c349f0d85ecc
5G R&D 소프트웨어 개발자,Ericsson,서울,https://kr.indeed.com/%EC%B1%84%EC%9A%A9%EB%B3%B4%EA%B8%B0?jk=e05251e6eecfa255
Data Engineer,Barbaricum,경기도 평택,https://kr.indeed.com/%EC%B1%84%EC%9A%A9%EB%B3%B4%EA%B8%B0?jk=35ba221c73ad31a2
CX Consulting Engineer (DC/Automation),Cisco Systems,서울,https://kr.indeed.com/%EC%B1%84%EC%9A%A9%EB%B3%B4%EA%B8%B0?jk=0eef103f5381365d
Support Engineer- Developer,Microsoft,서울,https://kr.indeed.com/%EC%B1%84%EC%9A%A9%EB%B3%B4%EA%B8%B0?jk=f8691758f74c5242
AI Software Engineer,GE Appliances,경기도 성남,https://kr.indeed.com/%EC%B1%84%EC%9A%A9%EB%B3%B4%EA%B8%B0?jk=53fbfe54f327d9dc
"(주)트윔 개발자(경력직) 빅데이터,영상처리,머신비전/AI 딥러닝",트윔,경기도 화성,https://kr.indeed.com/%EC%B1%84%EC%9A%A9%EB%B3%B4%EA%B8%B0?jk=a0dda478567db352
JR0186078 AI Research Engineer Intern,인텔코리아,서울,https://kr.indeed.com/%EC%B1%84%EC%9A%A9%EB%B3%B4%EA%B8%B0?jk=016de9bb83a8032d
Korea - Lead Data Analyst,Nike,서울,https://kr.indeed.com/%EC%B1%84%EC%9A%A9%EB%B3%B4%EA%B8%B0?jk=0b8954820c552c3b
Data Analyst,Barbaricum,경기도 평택,https://kr.indeed.com/%EC%B1%84%EC%9A%A9%EB%B3%B4%EA%B8%B0?jk=8248de2f3c41ef06
Software Engineer,UJET,서울,https://kr.indeed.com/%EC%B1%84%EC%9A%A9%EB%B3%B4%EA%B8%B0?jk=30e17a7d8ce9d4d4
인공지능(AI) 개발자 신입/경력 정규직,애드,서울 강남구,https://kr.indeed.com/%EC%B1%84%EC%9A%A9%EB%B3%B4%EA%B8%B0?jk=f955daa479297f09
Jr. Back-end Engineer (Python),Soomgo,서울 강남구,https://kr.indeed.com/%EC%B1%84%EC%9A%A9%EB%B3%B4%EA%B8%B0?jk=733b814969bff5a7
OPWI Systems Engineer for R&D Extension Korea,Applied Materials Inc.,경기도 화성,https://kr.indeed.com/%EC%B1%84%EC%9A%A9%EB%B3%B4%EA%B8%B0?jk=0f64df7d8e0af92f
AI Research Engineer,Intel,서울,https://kr.indeed.com/%EC%B1%84%EC%9A%A9%EB%B3%B4%EA%B8%B0?jk=aee1c996cddcbb2e
Head of Technical Writing,Sendbird,서울,https://kr.indeed.com/%EC%B1%84%EC%9A%A9%EB%B3%B4%EA%B8%B0?jk=7b091681f7106dcd
한국여성공학기술인협회 이공계 여성 R&D기반 예비창업 기초교육,한국여성공학기술인협회,서울 강남구,https://kr.indeed.com/%EC%B1%84%EC%9A%A9%EB%B3%B4%EA%B8%B0?jk=a2b34d4b943e564a
"Machine Learning - iOS Software Engineer,",Apple,서울,https://kr.indeed.com/%EC%B1%84%EC%9A%A9%EB%B3%B4%EA%B8%B0?jk=78526735d90a85b9
[TmaxOS/R&D] OS부문 개발자(2022년 상반기 신입 공채(Frontier 8기) 및 경력직 ),티맥스그룹,성남 분당구,https://kr.indeed.com/%EC%B1%84%EC%9A%A9%EB%B3%B4%EA%B8%B0?jk=b3ba8c24ccc0e74e
하반기 신입(채용 연계형 인턴) 수시채용,홈앤쇼핑,서울 마곡동,https://kr.indeed.com/%EC%B1%84%EC%9A%A9%EB%B3%B4%EA%B8%B0?jk=79fb95da6dff4025
[클라우드플랫폼실] System Engineering팀 클라우드 엔지니어,야놀자,서울 강남구,https://kr.indeed.com/%EC%B1%84%EC%9A%A9%EB%B3%B4%EA%B8%B0?jk=da9fa7139144081b
Data Scientist,Barbaricum,경기도 평택,https://kr.indeed.com/%EC%B1%84%EC%9A%A9%EB%B3%B4%EA%B8%B0?jk=e4e7e2e0d73f981f
채권운용팀 직원 (기한연장),멀티에셋자산운용,대한민국,https://kr.indeed.com/%EC%B1%84%EC%9A%A9%EB%B3%B4%EA%B8%B0?jk=61538ab2446879df
OPWI SW Engineer for R&D Extension Korea,Applied Materials Inc.,경기도 화성,https://kr.indeed.com/%EC%B1%84%EC%9A%A9%EB%B3%B4%EA%B8%B0?jk=7d77a8921825346c
AWS Internship Program - Solutions Architect (January to Jun...,Amazon Web Services Korea LLC,서울,https://kr.indeed.com/%EC%B1%84%EC%9A%A9%EB%B3%B4%EA%B8%B0?jk=0531cea7fd91199b
[외국계 스타트업 미소] Business Analyst,유한회사 미소,서울,https://kr.indeed.com/%EC%B1%84%EC%9A%A9%EB%B3%B4%EA%B8%B0?jk=51df90967b46e8f0
위고블록체인연구소 연구원,위고컴퍼니,서울 서초구,https://kr.indeed.com/%EC%B1%84%EC%9A%A9%EB%B3%B4%EA%B8%B0?jk=bd14a8df96b75e47
Software Engineer,Intel,서울,https://kr.indeed.com/%EC%B1%84%EC%9A%A9%EB%B3%B4%EA%B8%B0?jk=ff27ef03ddc73690
"Analyst - Environmental, Social and Governance (12 months co...",McKinsey & Company,서울,https://kr.indeed.com/%EC%B1%84%EC%9A%A9%EB%B3%B4%EA%B8%B0?jk=b6f149c5d6b60323
Metaverse 서비스 Graphics 개발자,에스케이텔레콤,서울 중구,https://kr.indeed.com/%EC%B1%84%EC%9A%A9%EB%B3%B4%EA%B8%B0?jk=4d6366a69e32d9a9
[2021년 대중소기업 상생 일자리 프로그램] SK하이닉스 사업단 협력사 - 주식회사 미코,미코,경기도 안성,https://kr.indeed.com/%EC%B1%84%EC%9A%A9%EB%B3%B4%EA%B8%B0?jk=c01b5547feadb2ab
"Software Engineer, Robotics",Bear Robotics,서울,https://kr.indeed.com/%EC%B1%84%EC%9A%A9%EB%B3%B4%EA%B8%B0?jk=04c31e4f5c277f31
전문연구요원 (병역특례) 수시 (AI / HW 분야),딥엑스,성남 분당구,https://kr.indeed.com/%EC%B1%84%EC%9A%A9%EB%B3%B4%EA%B8%B0?jk=78e99625e5de3c95
Korea - Enterprise Data & Analytics Engineering Manager,Nike,서울,https://kr.indeed.com/%EC%B1%84%EC%9A%A9%EB%B3%B4%EA%B8%B0?jk=abcbb3282b50f027
웹 크롤링 경력직,오피니언라이브,서울 강서구,https://kr.indeed.com/%EC%B1%84%EC%9A%A9%EB%B3%B4%EA%B8%B0?jk=3a8003aa626ae7f6
"KAIST 지속발전센터 연구원 모집 공고 [연수연구원, 위촉연구원] 서울캠퍼스(홍릉)",카이스트,대전 유성구,https://kr.indeed.com/%EC%B1%84%EC%9A%A9%EB%B3%B4%EA%B8%B0?jk=31085d2eafca1fb6
"광학솔루션사업부 경력사원 (생산/공술,제조,설비,SCM)",LG이노텍,경기도 파주,https://kr.indeed.com/%EC%B1%84%EC%9A%A9%EB%B3%B4%EA%B8%B0?jk=a155db68ada3a73f
프랭클린템플턴투신운용 Junior Trader (Quant base 필수),프랭클린템플턴투신,대한민국,https://kr.indeed.com/%EC%B1%84%EC%9A%A9%EB%B3%B4%EA%B8%B0?jk=4adac8923476d038
Software Engineer,Google,서울,https://kr.indeed.com/%EC%B1%84%EC%9A%A9%EB%B3%B4%EA%B8%B0?jk=e7c8c2b11f24fb43
[Search팀] 백엔드 개발자,야놀자,서울 강남구,https://kr.indeed.com/%EC%B1%84%EC%9A%A9%EB%B3%B4%EA%B8%B0?jk=21598fa78d383d6f
KAIST 문화기술연구소 비주얼미디어연구실(노준용 교수) 연수연구원 및 위촉연구원 모집 공고,카이스트,대전 유성구,https://kr.indeed.com/%EC%B1%84%EC%9A%A9%EB%B3%B4%EA%B8%B0?jk=3600e973f46b50f1
딥러닝 AI 개발 연구원,베이리스,성남 수정구,https://kr.indeed.com/%EC%B1%84%EC%9A%A9%EB%B3%B4%EA%B8%B0?jk=87309d3ff40ead61
Product Engineer - MPC/MDP/MDM,Siemens,경기도 성남,https://kr.indeed.com/%EC%B1%84%EC%9A%A9%EB%B3%B4%EA%B8%B0?jk=f317eb960a3ce005
KAIST 문술미래전략대학(김형준 교수 연구실) 위촉연구원 채용 공고,카이스트,대전 유성구,https://kr.indeed.com/%EC%B1%84%EC%9A%A9%EB%B3%B4%EA%B8%B0?jk=62dd9658c5554aff
HANA Development Support Engineer,SAP,서울,https://kr.indeed.com/%EC%B1%84%EC%9A%A9%EB%B3%B4%EA%B8%B0?jk=f28af5089e415287
모바일 운영서비스 빌드/배포/테스트 자동화 개발자,브롤브,서울 마포구,https://kr.indeed.com/%EC%B1%84%EC%9A%A9%EB%B3%B4%EA%B8%B0?jk=12f94257204952e1
Associate Software Engineers (Embedded Avionics systems - So...,BOEING,서울,https://kr.indeed.com/%EC%B1%84%EC%9A%A9%EB%B3%B4%EA%B8%B0?jk=e623a027561bbeb3
농업정책보험금융원 신규직원,농업정책보험금융원,서울,https://kr.indeed.com/%EC%B1%84%EC%9A%A9%EB%B3%B4%EA%B8%B0?jk=3b1aacc7e45f068a
[TmaxEdu/R&D] 연구 개발자(2022년 상반기 신입 공채(Frontier 8기) 및 경력직),티맥스소프트,성남 분당구,https://kr.indeed.com/%EC%B1%84%EC%9A%A9%EB%B3%B4%EA%B8%B0?jk=3f1dd5ba441be16c
인공지능 (AI) 딥러닝 연구 개발자,에스알유니버스,서울 마포구,https://kr.indeed.com/%EC%B1%84%EC%9A%A9%EB%B3%B4%EA%B8%B0?jk=8111c2d5817c3e0e
광학솔루션사업부 R&D 신입 석/박사,LG이노텍,경기도 안산,https://kr.indeed.com/%EC%B1%84%EC%9A%A9%EB%B3%B4%EA%B8%B0?jk=22d44a65a579f52a
Principal Customer Engagement Engineer - Hardware,Cadence Design Systems,경기도,https://kr.indeed.com/%EC%B1%84%EC%9A%A9%EB%B3%B4%EA%B8%B0?jk=ea1a34333382ad30
Sr. Network Engineer,Harman International,서울,https://kr.indeed.com/%EC%B1%84%EC%9A%A9%EB%B3%B4%EA%B8%B0?jk=a564ef713dce7f26
[TmaxAI/R&D] NLP(자연어음성)부문 서비스 프론트 & 백엔드 개발자(2022년 상반기 신입 공채(...,티맥스소프트,성남 분당구,https://kr.indeed.com/%EC%B1%84%EC%9A%A9%EB%B3%B4%EA%B8%B0?jk=a89f5e3486cccd04
[신사업부문] 클라우드 솔루션스 아키텍트 경력채용 (대리 ~ 사원급),한화그룹,서울,https://kr.indeed.com/%EC%B1%84%EC%9A%A9%EB%B3%B4%EA%B8%B0?jk=beb5a41079b3df10
Data Engineer & Scientist,LG전자,서울 영등포구,https://kr.indeed.com/%EC%B1%84%EC%9A%A9%EB%B3%B4%EA%B8%B0?jk=6a056c1771ae56b8
"Junior Software Engineer, Server Platform",Sendbird,서울,https://kr.indeed.com/%EC%B1%84%EC%9A%A9%EB%B3%B4%EA%B8%B0?jk=bbbfbb33164df0e3
Embedded Software Engineer - Connected,GE Appliances,경기도 성남,https://kr.indeed.com/%EC%B1%84%EC%9A%A9%EB%B3%B4%EA%B8%B0?jk=9193b9de45a0ac1c
"[광고 추천] 데이터 과학자, 기계학습(머신러닝) 전문가 모집",카카오,성남 판교역,https://kr.indeed.com/%EC%B1%84%EC%9A%A9%EB%B3%B4%EA%B8%B0?jk=8c32b5db8ab28c7d
[웹젠] DBA(신입),웹젠,성남 분당구,https://kr.indeed.com/%EC%B1%84%EC%9A%A9%EB%B3%B4%EA%B8%B0?jk=00de2b26815d022e
[전문연구요원] 의료영상 리서치 엔지니어 정규직,메디픽셀,서울 마포구,https://kr.indeed.com/%EC%B1%84%EC%9A%A9%EB%B3%B4%EA%B8%B0?jk=3544467a7b64376f
[NAVER Z] 데이터 엔지니어,네이버제트,성남 분당구,https://kr.indeed.com/%EC%B1%84%EC%9A%A9%EB%B3%B4%EA%B8%B0?jk=b01ea7a6f3b38982
병원물류 전산프로그램 유지/보수 담당자,아신,용인 기흥구,https://kr.indeed.com/%EC%B1%84%EC%9A%A9%EB%B3%B4%EA%B8%B0?jk=458b087252946710
PDM사업 경력사원,한화시스템,서울 영등포구,https://kr.indeed.com/%EC%B1%84%EC%9A%A9%EB%B3%B4%EA%B8%B0?jk=9a566cd39fbd5b82
C++ Developer for High-Performance Cloud Database,SAP,서울,https://kr.indeed.com/%EC%B1%84%EC%9A%A9%EB%B3%B4%EA%B8%B0?jk=bb510267fe977bff
System SW 엔지니어,딥엑스,성남 분당구,https://kr.indeed.com/%EC%B1%84%EC%9A%A9%EB%B3%B4%EA%B8%B0?jk=fc037709d0770796
전문연구요원 (병역특례) 수시 (AI / SW 분야),딥엑스,성남 분당구,https://kr.indeed.com/%EC%B1%84%EC%9A%A9%EB%B3%B4%EA%B8%B0?jk=d83fc0dd2641f483
신입 및 경력직원,KIS자산평가,대한민국,https://kr.indeed.com/%EC%B1%84%EC%9A%A9%EB%B3%B4%EA%B8%B0?jk=f7d688c7acaffa54
"영상처리, 컴퓨터 비전 전문가 (신입/경력)",에바,성남 수정구,https://kr.indeed.com/%EC%B1%84%EC%9A%A9%EB%B3%B4%EA%B8%B0?jk=2642a83874ea6bab
데이터 전문가(모델러/분석가/엔지니어) 모집,카카오,성남 판교역,https://kr.indeed.com/%EC%B1%84%EC%9A%A9%EB%B3%B4%EA%B8%B0?jk=ac9068957c550cb3
블록체인 센터 시스템 엔지니어 (경력),네오위즈,대한민국,https://kr.indeed.com/%EC%B1%84%EC%9A%A9%EB%B3%B4%EA%B8%B0?jk=02940982fdf7f78d
RPA Consultant,UiPath,서울,https://kr.indeed.com/%EC%B1%84%EC%9A%A9%EB%B3%B4%EA%B8%B0?jk=8d99d6e1f6ce1bfe
Data Analyst - Korea,MOLOCO,서울 강남구,https://kr.indeed.com/%EC%B1%84%EC%9A%A9%EB%B3%B4%EA%B8%B0?jk=74ef43a1bda57e7d
각 분야별 인재 Pool 등록,지투알,서울,https://kr.indeed.com/%EC%B1%84%EC%9A%A9%EB%B3%B4%EA%B8%B0?jk=a5e926e1d22cdc11
IT 개발 총 책임자,핀후드,서울 성동구,https://kr.indeed.com/%EC%B1%84%EC%9A%A9%EB%B3%B4%EA%B8%B0?jk=5fc53d8ce25c05f7
Product Engineer - MPC/MDP/MDM,Siemens Electronic Design Automation (Korea) LLC,경기도 성남,https://kr.indeed.com/%EC%B1%84%EC%9A%A9%EB%B3%B4%EA%B8%B0?jk=9b63b5f993896a6b
Algorithm Developer for R&D Extension Korea,Applied Materials Inc.,경기도 화성,https://kr.indeed.com/%EC%B1%84%EC%9A%A9%EB%B3%B4%EA%B8%B0?jk=a21c230228a73103
TeraVM Field Applications Engineer,Viavi Solutions,서울,https://kr.indeed.com/%EC%B1%84%EC%9A%A9%EB%B3%B4%EA%B8%B0?jk=e67716c26d372980
Datacenter Engineer,Oracle,서울,https://kr.indeed.com/%EC%B1%84%EC%9A%A9%EB%B3%B4%EA%B8%B0?jk=a692f83229bd339f
AI/DX 대기업계열사,,서울특별시,https://kr.indeed.com/%EC%B1%84%EC%9A%A9%EB%B3%B4%EA%B8%B0?jk=bfa15ae6228f1449
Field Service Engineer Korea,Nearfield Instruments,경기도 용인,https://kr.indeed.com/%EC%B1%84%EC%9A%A9%EB%B3%B4%EA%B8%B0?jk=89f3e10d77a126bf
DB Engineer 모집,카카오,성남 판교역,https://kr.indeed.com/%EC%B1%84%EC%9A%A9%EB%B3%B4%EA%B8%B0?jk=9d2eee513761aded
"Engr, Apps Dev 3",KLA,경기도 화성,https://kr.indeed.com/%EC%B1%84%EC%9A%A9%EB%B3%B4%EA%B8%B0?jk=bc166941018ab5ab
Social Media Data Analyst,LINE Plus corporation,대한민국,https://kr.indeed.com/%EC%B1%84%EC%9A%A9%EB%B3%B4%EA%B8%B0?jk=a1a89406f38aabeb
[2022년도 상반기] [연구개발 부문] 연구원 (MCU 계측제어설계/머신비전/이미지프로세싱),모든,경기도 광명,https://kr.indeed.com/%EC%B1%84%EC%9A%A9%EB%B3%B4%EA%B8%B0?jk=b8fadace285c749d
Developer - Cloud Infrastructure,SAP,서울,https://kr.indeed.com/%EC%B1%84%EC%9A%A9%EB%B3%B4%EA%B8%B0?jk=14e834e10cf0292f
[유통 대기업] Business Analyst(비지니스분석가) 과차장급,에이치알니즈,서울,https://kr.indeed.com/%EC%B1%84%EC%9A%A9%EB%B3%B4%EA%B8%B0?jk=0e25160b5a1d095f
[TmaxOS/R&D] OS부문 개발자(2022년 상반기 신입 공채(Frontier 8기) 및 경력직),티맥스소프트,성남 분당구,https://kr.indeed.com/%EC%B1%84%EC%9A%A9%EB%B3%B4%EA%B8%B0?jk=8ecedf5f94e80b3b
딥러닝 알고리즘 및 응용 Engineer,딥엑스,성남 분당구,https://kr.indeed.com/%EC%B1%84%EC%9A%A9%EB%B3%B4%EA%B8%B0?jk=35f0a25dee5f3312
비학위과정 AI엔지니어링 교육생,한국폴리텍대학대구캠퍼스,대구 서구,https://kr.indeed.com/%EC%B1%84%EC%9A%A9%EB%B3%B4%EA%B8%B0?jk=94f5a1ceb5273e21
PDM사업 경력사원 채용,한화그룹,서울,https://kr.indeed.com/%EC%B1%84%EC%9A%A9%EB%B3%B4%EA%B8%B0?jk=5845bda17d17b7cf
Linux/Python/PHP/MySQL/백엔드 정규직 경력,일루미나리안,용인 보정동,https://kr.indeed.com/%EC%B1%84%EC%9A%A9%EB%B3%B4%EA%B8%B0?jk=04d685fc70b67d4e
Cloud Architect - Cloud Native,Oracle,서울,https://kr.indeed.com/%EC%B1%84%EC%9A%A9%EB%B3%B4%EA%B8%B0?jk=db4a5711c648bf69
경력 개발자,thecompany,경상남도,https://kr.indeed.com/%EC%B1%84%EC%9A%A9%EB%B3%B4%EA%B8%B0?jk=119a763a71f6570d
신입 및 경력직원 채용[금융컨설팅본부],KIS채권평가,서울 여의도,https://kr.indeed.com/%EC%B1%84%EC%9A%A9%EB%B3%B4%EA%B8%B0?jk=6ec8d900a9ba226d
11번가 데이터 아키텍처/데이터 엔지니어 분야,십일번가,서울 중구,https://kr.indeed.com/%EC%B1%84%EC%9A%A9%EB%B3%B4%EA%B8%B0?jk=d0a8ab481bb3fa3c
(주)테크로스 2022년도 신입/경력 (부산/화성),테크로스,부산 강서구,https://kr.indeed.com/%EC%B1%84%EC%9A%A9%EB%B3%B4%EA%B8%B0?jk=309dbeab00e5c986
OPWI Systems Engineer for R&D Extension Korea,어플라이드 머티리얼즈 코리아,경기도 화성,https://kr.indeed.com/%EC%B1%84%EC%9A%A9%EB%B3%B4%EA%B8%B0?jk=01568fb064b8bcff
코딩에 빠진 수퍼 개발자 (펌웨어 개발),에바,성남 수정구,https://kr.indeed.com/%EC%B1%84%EC%9A%A9%EB%B3%B4%EA%B8%B0?jk=f54bac6c78fd3240
AI Research Engineer - Intel Contract,Intel,서울,https://kr.indeed.com/%EC%B1%84%EC%9A%A9%EB%B3%B4%EA%B8%B0?jk=915b6c68628695d6
알고리즘/퀀트 전략 개발자,쿼터백자산운용,대한민국,https://kr.indeed.com/%EC%B1%84%EC%9A%A9%EB%B3%B4%EA%B8%B0?jk=67b36859e9bd0d7c
AI SW 개발 경력사원 채용,한화그룹,서울,https://kr.indeed.com/%EC%B1%84%EC%9A%A9%EB%B3%B4%EA%B8%B0?jk=0aa851392317eb07
"Software Engineer, Data Platform",Sendbird,서울,https://kr.indeed.com/%EC%B1%84%EC%9A%A9%EB%B3%B4%EA%B8%B0?jk=e01c02615f0268fa
Support Engineer-PaaS Dev,Microsoft,서울,https://kr.indeed.com/%EC%B1%84%EC%9A%A9%EB%B3%B4%EA%B8%B0?jk=88a59364cd7a0fa1
Senior Data Analyst - Korea,MOLOCO,서울 강남구,https://kr.indeed.com/%EC%B1%84%EC%9A%A9%EB%B3%B4%EA%B8%B0?jk=669120083179019e
LINE Desktop Client 개발,LINE Plus corporation,대한민국,https://kr.indeed.com/%EC%B1%84%EC%9A%A9%EB%B3%B4%EA%B8%B0?jk=60897e7668c2f24c
Product Engineer - Fab Analytics,Siemens,경기도 성남,https://kr.indeed.com/%EC%B1%84%EC%9A%A9%EB%B3%B4%EA%B8%B0?jk=f918bbdb2030f3bf
Machine Learning Engineer (LINE AI Services Lab),LINE Plus corporation,대한민국,https://kr.indeed.com/%EC%B1%84%EC%9A%A9%EB%B3%B4%EA%B8%B0?jk=8e427bfa23c2365d
"DynamoDB Solutions Architect , World Wide Specialists, Datab...",Amazon Web Services Korea LLC,서울,https://kr.indeed.com/%EC%B1%84%EC%9A%A9%EB%B3%B4%EA%B8%B0?jk=f7bcab2e4a6349c9
"Solutions Architect - AMAZON Web Services, Korea",Amazon Web Services Korea LLC,서울,https://kr.indeed.com/%EC%B1%84%EC%9A%A9%EB%B3%B4%EA%B8%B0?jk=21ba056946e5abdf
개발담당 국내 대형 엔터테인먼트그룹,,서울특별시,https://kr.indeed.com/%EC%B1%84%EC%9A%A9%EB%B3%B4%EA%B8%B0?jk=2be4f03697aa02f0
모바일 게임 백엔드 프로그래머 신입/경력 정규직,롸이트핸드 엔터테인먼트,서울 서초구,https://kr.indeed.com/%EC%B1%84%EC%9A%A9%EB%B3%B4%EA%B8%B0?jk=413d20e82e567aff
"데이터베이스개발자, 웹개발 신입/경력 정규직",여의도사람들,서울 영등포구,https://kr.indeed.com/%EC%B1%84%EC%9A%A9%EB%B3%B4%EA%B8%B0?jk=e91b5984e7f5d3fd
데이터 서비스/플랫폼 개발,NHN,성남 판교역,https://kr.indeed.com/%EC%B1%84%EC%9A%A9%EB%B3%B4%EA%B8%B0?jk=031eec3794f09645
하반기 인턴직 모집,한솔그룹,서울 을지로2가,https://kr.indeed.com/%EC%B1%84%EC%9A%A9%EB%B3%B4%EA%B8%B0?jk=2f56d4b70c1df086
[TmaxAI/R&D] AI & FinTech 부문 프론트엔드 개발자(2022년 상반기 신입 공채(Front...,티맥스소프트,성남 분당구,https://kr.indeed.com/%EC%B1%84%EC%9A%A9%EB%B3%B4%EA%B8%B0?jk=449af19ea7ca3db5
동국대학교 데이터분석팀 연구원(계약직) 채용공고,동국대학교,서울 필동,https://kr.indeed.com/%EC%B1%84%EC%9A%A9%EB%B3%B4%EA%B8%B0?jk=7bb4271b5ecdb9a4
"시스템개발자(JAVA, JSP, MySQL)",스피치로그,서울 용산구,https://kr.indeed.com/%EC%B1%84%EC%9A%A9%EB%B3%B4%EA%B8%B0?jk=ae8564b6a7e63ad2
"[Robotics] Robotics Software Engineer, Sensor System",네이버,서울,https://kr.indeed.com/%EC%B1%84%EC%9A%A9%EB%B3%B4%EA%B8%B0?jk=155996bae21250a5
"[Robotics] Robotics Software Engineer, Navigation",네이버,서울,https://kr.indeed.com/%EC%B1%84%EC%9A%A9%EB%B3%B4%EA%B8%B0?jk=f21952a2d7a0bfd8
Expat: Experimental Physicist Tuning and Monitoring,IMS Nanofabrication,경기도 화성,https://kr.indeed.com/%EC%B1%84%EC%9A%A9%EB%B3%B4%EA%B8%B0?jk=c5a2d1029018e4ba
AI 연구 개발,NHN,성남 판교역,https://kr.indeed.com/%EC%B1%84%EC%9A%A9%EB%B3%B4%EA%B8%B0?jk=ef98c82fd130b9e1
1월 11번가 Backend 개발 경력공채,십일번가,서울 중구,https://kr.indeed.com/%EC%B1%84%EC%9A%A9%EB%B3%B4%EA%B8%B0?jk=377d8a275cfdac2f
"Lead Software Engineer, Search",구글코리아,서울 강남구,https://kr.indeed.com/%EC%B1%84%EC%9A%A9%EB%B3%B4%EA%B8%B0?jk=ae8705206d8ae829
백엔드 신입/경력 정규직,애드,서울 강남구,https://kr.indeed.com/%EC%B1%84%EC%9A%A9%EB%B3%B4%EA%B8%B0?jk=de52dca6c3f6a3ac
퀀트운용본부 운용역(경력직) (연장),비엔케이자산운용,대한민국,https://kr.indeed.com/%EC%B1%84%EC%9A%A9%EB%B3%B4%EA%B8%B0?jk=b2bd0762e5ba3bea
[개발자] 모비데이즈 프론트엔드 개발자 경력직 채용,Mobidays,서울특별시,https://kr.indeed.com/%EC%B1%84%EC%9A%A9%EB%B3%B4%EA%B8%B0?jk=115c46e0d1df11d8
리눅스 배포판 개발 국내 대기업,,대한민국,https://kr.indeed.com/%EC%B1%84%EC%9A%A9%EB%B3%B4%EA%B8%B0?jk=0c1f3f58243b62ac
2. 인프라개발팀 백엔드 개발자,카카오브이엑스 (KAKAO VX),성남 분당구,https://kr.indeed.com/%EC%B1%84%EC%9A%A9%EB%B3%B4%EA%B8%B0?jk=40feb5009f03b3f2
Solutions Architect,Snowflake,서울,https://kr.indeed.com/%EC%B1%84%EC%9A%A9%EB%B3%B4%EA%B8%B0?jk=c41af20fbf0580eb
BigData 개발 및 운영 담당 영입,카카오페이증권,성남 분당구,https://kr.indeed.com/%EC%B1%84%EC%9A%A9%EB%B3%B4%EA%B8%B0?jk=ec28b4a12fadf567
[전문연구요원 신규편입/전직] 의료영상/음성인식/생체신호 연구원,뷰노코리아,서울 서초구,https://kr.indeed.com/%EC%B1%84%EC%9A%A9%EB%B3%B4%EA%B8%B0?jk=40de6a4b81f8724f
Applications Engineer (CATS/SmartMRC),Synopsys,대한민국,https://kr.indeed.com/%EC%B1%84%EC%9A%A9%EB%B3%B4%EA%B8%B0?jk=ea9918b20aa10f90
침해사고 분석/대응 및 보안장비 운영 담당자 모집,카카오,성남 판교역,https://kr.indeed.com/%EC%B1%84%EC%9A%A9%EB%B3%B4%EA%B8%B0?jk=d7e9da4d32399dfe
Software Applications Engineer (BSP),Qualcomm CDMA Technologies (Korea) YH,경기도 수원,https://kr.indeed.com/%EC%B1%84%EC%9A%A9%EB%B3%B4%EA%B8%B0?jk=823b346907a9276f
Sr. Application Engineer - AMS,Siemens,경기도 성남,https://kr.indeed.com/%EC%B1%84%EC%9A%A9%EB%B3%B4%EA%B8%B0?jk=25d823b03a3113d5
Machine Learning R&D 연구원,카이어,서울 서초구,https://kr.indeed.com/%EC%B1%84%EC%9A%A9%EB%B3%B4%EA%B8%B0?jk=19da3484bd7a72f1
[진행중] 우리은행 AI사업부 전문직(인공지능[AI]모델링) 채용공고,우리은행,서울 회현동,https://kr.indeed.com/%EC%B1%84%EC%9A%A9%EB%B3%B4%EA%B8%B0?jk=ced15ce8e8c9c0b8
[전문연구요원] Software Engineer,Upstage,경기도 용인,https://kr.indeed.com/%EC%B1%84%EC%9A%A9%EB%B3%B4%EA%B8%B0?jk=2615573761265171
Cloud Solution Architect,Oracle,서울,https://kr.indeed.com/%EC%B1%84%EC%9A%A9%EB%B3%B4%EA%B8%B0?jk=dd1466e89a1e87b0
[웹젠] DBA(경력),웹젠,성남 분당구,https://kr.indeed.com/%EC%B1%84%EC%9A%A9%EB%B3%B4%EA%B8%B0?jk=6a8791b32ddfb999
Junior Business Analyst (Non-tech),Coupang,서울,https://kr.indeed.com/%EC%B1%84%EC%9A%A9%EB%B3%B4%EA%B8%B0?jk=e658236007117d98
Solution Software Engineer - Korea,Trustonic,대한민국,https://kr.indeed.com/%EC%B1%84%EC%9A%A9%EB%B3%B4%EA%B8%B0?jk=76506fcc26886ebf
웹 개발자 경력 Java/Php/Javascript/Python/Html/CSS 등 프로젝트 경력자,바이오브레인,대전 서구,https://kr.indeed.com/%EC%B1%84%EC%9A%A9%EB%B3%B4%EA%B8%B0?jk=941687b6bbb14d81
신입 및 경력직원 채용[채권평가사업본부],KIS채권평가,서울 여의도,https://kr.indeed.com/%EC%B1%84%EC%9A%A9%EB%B3%B4%EA%B8%B0?jk=f4d97e1be1c1d2ae
네이버 파이낸셜 플랫폼 운영,NIT Service,성남 삼평동,https://kr.indeed.com/%EC%B1%84%EC%9A%A9%EB%B3%B4%EA%B8%B0?jk=b3a6c83c9debcb92
Product Test Engineer,NVIDIA,서울,https://kr.indeed.com/%EC%B1%84%EC%9A%A9%EB%B3%B4%EA%B8%B0?jk=6cfffc13b8a012c3
AI LAB Data Analyst 대기업 식품회사,,서울특별시,https://kr.indeed.com/%EC%B1%84%EC%9A%A9%EB%B3%B4%EA%B8%B0?jk=bc2cfdf048ebff69
(주)아이옵스 SAR 위성영상 활용 신입/경력,아이옵스,대전 유성구,https://kr.indeed.com/%EC%B1%84%EC%9A%A9%EB%B3%B4%EA%B8%B0?jk=a98286272ea4a436
스마트팩토리 솔루션개발(S/W) 수시채용,에스에프에이,화성 동탄면,https://kr.indeed.com/%EC%B1%84%EC%9A%A9%EB%B3%B4%EA%B8%B0?jk=5d85e41b3afc1751
인공지능연구소 우수인력 초빙 - 연구원 및 연구관리직 -,광주과학기술원,광주 북구,https://kr.indeed.com/%EC%B1%84%EC%9A%A9%EB%B3%B4%EA%B8%B0?jk=c80b67aa02a7b226
데이터 엔지니어 경력 정규직,아이디케이스퀘어드,서울 중구,https://kr.indeed.com/%EC%B1%84%EC%9A%A9%EB%B3%B4%EA%B8%B0?jk=8c8c96a3ffac77f8
딥러닝 영상 SW 개발 (서울 경력/석사),지오비전,서울 구로구,https://kr.indeed.com/%EC%B1%84%EC%9A%A9%EB%B3%B4%EA%B8%B0?jk=f719971f5df4f2d6
"사물인터넷(IoT) 개발, 메카트로닉스 외 신입/경력 정규직",리쉐니에,수원 영통구,https://kr.indeed.com/%EC%B1%84%EC%9A%A9%EB%B3%B4%EA%B8%B0?jk=ae185a03d7b8f71e
[DB금융투자] 2021년 하반기 신입사원 모집,DB그룹,서울 대치동,https://kr.indeed.com/%EC%B1%84%EC%9A%A9%EB%B3%B4%EA%B8%B0?jk=109c5533ffdaaa84
금융 데이터 분석 및 모델 개발,케이지제로인,대한민국,https://kr.indeed.com/%EC%B1%84%EC%9A%A9%EB%B3%B4%EA%B8%B0?jk=d4c94aa1d7e84908
Data Scientist 신입 채용,컬리,서울 역삼동,https://kr.indeed.com/%EC%B1%84%EC%9A%A9%EB%B3%B4%EA%B8%B0?jk=b96f47b94d8b88a4
[램플코딩학원] 온오프라인 코딩 강사,밸류에잇 벤처스,대전 서구,https://kr.indeed.com/%EC%B1%84%EC%9A%A9%EB%B3%B4%EA%B8%B0?jk=3415a2ec10f41d98
BI팀 채용,GC녹십자지놈,용인 기흥구,https://kr.indeed.com/%EC%B1%84%EC%9A%A9%EB%B3%B4%EA%B8%B0?jk=4721ceaf47437a8b
[외국계 스타트업 미소] Data Analyst,유한회사 미소,서울,https://kr.indeed.com/%EC%B1%84%EC%9A%A9%EB%B3%B4%EA%B8%B0?jk=ec5c7ccd76639120
[신입/경력] 의료영상/음성인식/생체신호 연구원,뷰노코리아,서울 서초구,https://kr.indeed.com/%EC%B1%84%EC%9A%A9%EB%B3%B4%EA%B8%B0?jk=c35e9b72a11aa338
글로벌주식운용팀 경력사원 안내 (~11/30),삼성자산운용,대한민국,https://kr.indeed.com/%EC%B1%84%EC%9A%A9%EB%B3%B4%EA%B8%B0?jk=878c2bc042c0221f
"Graduate Software Engineer, Linux-based development",Canonical - Jobs,서울,https://kr.indeed.com/%EC%B1%84%EC%9A%A9%EB%B3%B4%EA%B8%B0?jk=de4846ca13ae739e
데이터표준품질부문 경력직 (정규직),한국정보기술단,서울 강남구,https://kr.indeed.com/%EC%B1%84%EC%9A%A9%EB%B3%B4%EA%B8%B0?jk=c7d52aeb22295927
Customer Solutions Engineer globalClient and AgencySolutions,구글코리아,서울 강남구,https://kr.indeed.com/%EC%B1%84%EC%9A%A9%EB%B3%B4%EA%B8%B0?jk=ea87946886c8b0ad
[강남/스타트업] 에이스랩 자율주행 엔지니어,에이스랩,서울 강남구,https://kr.indeed.com/%EC%B1%84%EC%9A%A9%EB%B3%B4%EA%B8%B0?jk=b6d169aa029a45a6
Cloud Solution Engineer,Oracle,서울,https://kr.indeed.com/%EC%B1%84%EC%9A%A9%EB%B3%B4%EA%B8%B0?jk=6d4fbb79bc9dcd07
GIS센터 경력사원,디비자산운용,대한민국,https://kr.indeed.com/%EC%B1%84%EC%9A%A9%EB%B3%B4%EA%B8%B0?jk=d6a8c379ed6303ea
가우스랩스 Machine Learning & Data Science Applied Scientist,가우스랩스,서울특별시,https://kr.indeed.com/%EC%B1%84%EC%9A%A9%EB%B3%B4%EA%B8%B0?jk=fcdff00c904d9792
생명정보학 부문 박사졸 선임연구원 정규직 정규직,카이팜,서울 서대문구,https://kr.indeed.com/%EC%B1%84%EC%9A%A9%EB%B3%B4%EA%B8%B0?jk=3cd339cf8959f44d
피망 포커/섯다 사업 PM (무관),네오위즈,대한민국,https://kr.indeed.com/%EC%B1%84%EC%9A%A9%EB%B3%B4%EA%B8%B0?jk=2b928691ab5ca62e
Product Development Engineer,KLA,경기도 화성,https://kr.indeed.com/%EC%B1%84%EC%9A%A9%EB%B3%B4%EA%B8%B0?jk=59bfeb68f785d534
Principal Field Service Specialist,Raytheon Intelligence & Space,대한민국,https://kr.indeed.com/%EC%B1%84%EC%9A%A9%EB%B3%B4%EA%B8%B0?jk=c584e6373cfe8d42
"[TmaxMetaverse/R&D] 게임 엔진, 게임 서버, 메타버스 스튜디오 개발자 (2022년 상반기 신...",티맥스소프트,성남 분당구,https://kr.indeed.com/%EC%B1%84%EC%9A%A9%EB%B3%B4%EA%B8%B0?jk=e5b0e8c7af5a51ab
[DI팀] 기계학습 Engineer (개인화 및 추천),야놀자,서울 강남구,https://kr.indeed.com/%EC%B1%84%EC%9A%A9%EB%B3%B4%EA%B8%B0?jk=e37ba9dca2e4da16
[정규직] 5G Core 프로그래머,플랙토리,서울 중구,https://kr.indeed.com/%EC%B1%84%EC%9A%A9%EB%B3%B4%EA%B8%B0?jk=e14c442c46108e61
Brion Field Application Engineer - Icheon,ASML,대한민국,https://kr.indeed.com/%EC%B1%84%EC%9A%A9%EB%B3%B4%EA%B8%B0?jk=f61f3a31440fdc2f
Business Analyst,Numerix,서울,https://kr.indeed.com/%EC%B1%84%EC%9A%A9%EB%B3%B4%EA%B8%B0?jk=aa2836bca0adca28
글로벌 소셜 카지노 사업 PM (경력),네오위즈,대한민국,https://kr.indeed.com/%EC%B1%84%EC%9A%A9%EB%B3%B4%EA%B8%B0?jk=db663a685a5019e5
IoT Device의 펌웨어 및 엠베디드 소프트웨어 프로그래머,피앤씨,용인 기흥구,https://kr.indeed.com/%EC%B1%84%EC%9A%A9%EB%B3%B4%EA%B8%B0?jk=faddf9f7f6df6402
가상화 엔지니어 정규직,다원커리어,서울 서초구,https://kr.indeed.com/%EC%B1%84%EC%9A%A9%EB%B3%B4%EA%B8%B0?jk=3e7b756ca8ec169f
[ 부산 IT 교육 ]한번에 끝내는 자바 스프링 개발자 A,아이티윌 부산교육센터,부산 부산진구,https://kr.indeed.com/%EC%B1%84%EC%9A%A9%EB%B3%B4%EA%B8%B0?jk=df324275f55663cf
Software Engineer,Boston Consulting Group,서울,https://kr.indeed.com/%EC%B1%84%EC%9A%A9%EB%B3%B4%EA%B8%B0?jk=eff6d38d4767ff87
Business Analyst,Numerix Korea Ltd,서울,https://kr.indeed.com/%EC%B1%84%EC%9A%A9%EB%B3%B4%EA%B8%B0?jk=87985ee884920551
[더블유게임즈 자회사] 기획/디자인/개발/데이터분석,더블다운인터액티브,서울 강남구,https://kr.indeed.com/%EC%B1%84%EC%9A%A9%EB%B3%B4%EA%B8%B0?jk=b6eea437d4af95fd
ETF운용팀 (신입사원-대리급),신한자산운용,대한민국,https://kr.indeed.com/%EC%B1%84%EC%9A%A9%EB%B3%B4%EA%B8%B0?jk=2df169e312a8b26c
인공지능 솔루션 (AI Solution) 개발,카이어,서울 서초구,https://kr.indeed.com/%EC%B1%84%EC%9A%A9%EB%B3%B4%EA%B8%B0?jk=891485cc2a8e6779
신입 및 경력직원 채용[금융공학연구소],KIS채권평가,서울 여의도,https://kr.indeed.com/%EC%B1%84%EC%9A%A9%EB%B3%B4%EA%B8%B0?jk=b71a0a39cafc452c
경영지원부문 신입사원 채용,DL이앤씨,서울 평동,https://kr.indeed.com/%EC%B1%84%EC%9A%A9%EB%B3%B4%EA%B8%B0?jk=16bef2be27515eef
ADAS카메라 System SW개발 경력인재 [자동차부품 우량대기업],에스에프인촌,서울,https://kr.indeed.com/%EC%B1%84%EC%9A%A9%EB%B3%B4%EA%B8%B0?jk=af48d2a5f62ba0db
컴퓨터비전 개발자 경력 정규직,라이트비전,서울 성동구,https://kr.indeed.com/%EC%B1%84%EC%9A%A9%EB%B3%B4%EA%B8%B0?jk=fbbb4f2637c9bbe9
Data Scientist,Boston Consulting Group,서울,https://kr.indeed.com/%EC%B1%84%EC%9A%A9%EB%B3%B4%EA%B8%B0?jk=ccd4f5407a32ba6a
Software Architecture 설계 엔지니어,딥엑스,성남 분당구,https://kr.indeed.com/%EC%B1%84%EC%9A%A9%EB%B3%B4%EA%B8%B0?jk=7df915e1f0f86b2d
8퍼센트 개발자 (신입/경력),8퍼센트,서울 종로구,https://kr.indeed.com/%EC%B1%84%EC%9A%A9%EB%B3%B4%EA%B8%B0?jk=8af26b37623864c4
Korea - Site Reliability Engineering Lead,Nike,서울,https://kr.indeed.com/%EC%B1%84%EC%9A%A9%EB%B3%B4%EA%B8%B0?jk=3ee36bdc09e03808
[NAVER Cloud] 빅데이터 분석 플랫폼 엔지니어,네이버클라우드,성남 분당구,https://kr.indeed.com/%EC%B1%84%EC%9A%A9%EB%B3%B4%EA%B8%B0?jk=613e8260c0a33e9d
Data Analyst,LINE Plus corporation,대한민국,https://kr.indeed.com/%EC%B1%84%EC%9A%A9%EB%B3%B4%EA%B8%B0?jk=cff37313648bd80a
TikTok Content Strategy Manager,TikTok,서울,https://kr.indeed.com/%EC%B1%84%EC%9A%A9%EB%B3%B4%EA%B8%B0?jk=3b0b25d7cdb97839
자동차 전장 ADAS SW 분야 전문가,LG전자,서울 강서구,https://kr.indeed.com/%EC%B1%84%EC%9A%A9%EB%B3%B4%EA%B8%B0?jk=f42242989b39b5e1
"교육 기획/운영, 시스템 기획",매직에코,서울 성동구,https://kr.indeed.com/%EC%B1%84%EC%9A%A9%EB%B3%B4%EA%B8%B0?jk=9f0ce22eee4259bb
반도체 회로설계,해외기업 으로서 15년 연혁 / 1000명 이상 규모,성남 판교역,https://kr.indeed.com/%EC%B1%84%EC%9A%A9%EB%B3%B4%EA%B8%B0?jk=53f97fb4fe79e550
